{
    "env_name": "humanoid-multi-goal",
    "log_name": "humanoid-multi-goal-0.2-500",
    "n_train_tasks": 12,
    "n_eval_tasks": 3,
    "env_params": {
        "n_tasks": 15,
        "radius": 0.2,
        "max_eps": 500
    }
    ,
    "algo_params": {
        "num_initial_steps": 2100,
        "num_tasks_sample": 10,
        "meta_batch": 10,
        "num_steps_prior": 400,
        "num_steps_posterior": 0,
        "num_extra_rl_steps_posterior": 600,
        "num_train_steps_per_itr": 4000,
        "max_path_length": 500,
        "num_iterations": 500,
        "num_evals": 1,
        "num_steps_per_eval": 2000,
        "num_exp_traj_eval": 1,
        "embedding_batch_size": 256,
        "embedding_mini_batch_size": 256,
        "replay_buffer_size": 300
    }
}
